<worksheet>
	<dimension ref="A1:Q3">
	</dimension>
	<sheetViews>
		<sheetView tabSelected="1" workbookViewId="0">
			<selection sqref="A1:Q3">
			</selection>
		</sheetView>
	</sheetViews>
	<sheetFormatPr defaultRowHeight="13.5">
	</sheetFormatPr>
	<cols>
		<col min="1" max="1" width="20.375" customWidth="1">
		</col>
		<col min="2" max="2" width="16.25" customWidth="1">
		</col>
		<col min="3" max="3" width="14.75" customWidth="1">
		</col>
		<col min="8" max="8" width="17.375" customWidth="1">
		</col>
		<col min="9" max="9" width="18.625" customWidth="1">
		</col>
		<col min="10" max="10" width="16.375" customWidth="1">
		</col>
		<col min="11" max="11" width="14.125" customWidth="1">
		</col>
		<col min="12" max="12" width="20" customWidth="1">
		</col>
		<col min="13" max="13" width="14.875" customWidth="1">
		</col>
		<col min="17" max="17" width="13.125" customWidth="1">
		</col>
	</cols>
	<sheetData>
		<row r="1" spans="1:17" ht="14.25" thickBot="1">
			<c r="A1" s="1" t="s">
				<v>
					0
				</v>
			</c>
			<c r="B1" s="1" t="s">
				<v>
					1
				</v>
			</c>
			<c r="C1" s="1" t="s">
				<v>
					2
				</v>
			</c>
			<c r="D1" s="1" t="s">
				<v>
					3
				</v>
			</c>
			<c r="E1" s="1" t="s">
				<v>
					4
				</v>
			</c>
			<c r="F1" s="1" t="s">
				<v>
					5
				</v>
			</c>
			<c r="G1" s="1" t="s">
				<v>
					6
				</v>
			</c>
			<c r="H1" s="1" t="s">
				<v>
					7
				</v>
			</c>
			<c r="I1" s="1" t="s">
				<v>
					8
				</v>
			</c>
			<c r="J1" s="1" t="s">
				<v>
					9
				</v>
			</c>
			<c r="K1" s="1" t="s">
				<v>
					10
				</v>
			</c>
			<c r="L1" s="1" t="s">
				<v>
					11
				</v>
			</c>
			<c r="M1" s="1" t="s">
				<v>
					12
				</v>
			</c>
			<c r="N1" s="1" t="s">
				<v>
					13
				</v>
			</c>
			<c r="O1" s="1" t="s">
				<v>
					14
				</v>
			</c>
			<c r="P1" s="1" t="s">
				<v>
					15
				</v>
			</c>
			<c r="Q1" s="1" t="s">
				<v>
					16
				</v>
			</c>
		</row>
		<row r="2" spans="1:17" ht="14.25" thickBot="1">
			<c r="A2" s="2">
				<v>
					1219030009
				</v>
			</c>
			<c r="B2" s="2" t="s">
				<v>
					17
				</v>
			</c>
			<c r="C2" s="2" t="s">
				<v>
					18
				</v>
			</c>
			<c r="D2" s="2" t="s">
				<v>
					19
				</v>
			</c>
			<c r="E2" s="2">
				<v>
					318
				</v>
			</c>
			<c r="F2" s="2">
				<v>
					318
				</v>
			</c>
			<c r="G2" s="2" t="s">
				<v>
					20
				</v>
			</c>
			<c r="H2" s="3">
				<v>
					42265
				</v>
			</c>
			<c r="I2" s="3">
				<v>
					42303
				</v>
			</c>
			<c r="J2" s="2" t="s">
				<v>
					21
				</v>
			</c>
			<c r="K2" s="2" t="s">
				<v>
					22
				</v>
			</c>
			<c r="L2" s="3">
				<v>
					42247
				</v>
			</c>
			<c r="M2" s="2">
				<v>
					0
				</v>
			</c>
			<c r="N2" s="2">
				<v>
					0
				</v>
			</c>
			<c r="O2" s="2">
				<v>
					0
				</v>
			</c>
			<c r="P2" s="2">
				<v>
					60
				</v>
			</c>
			<c r="Q2" s="2" t="s">
				<v>
					23
				</v>
			</c>
		</row>
		<row r="3" spans="1:17" ht="14.25" thickBot="1">
			<c r="A3" s="2">
				<v>
					1109000000
				</v>
			</c>
			<c r="B3" s="2" t="s">
				<v>
					24
				</v>
			</c>
			<c r="C3" s="2" t="s">
				<v>
					18
				</v>
			</c>
			<c r="D3" s="2" t="s">
				<v>
					19
				</v>
			</c>
			<c r="E3" s="2">
				<v>
					201.69
				</v>
			</c>
			<c r="F3" s="2">
				<v>
					201.69
				</v>
			</c>
			<c r="G3" s="2" t="s">
				<v>
					25
				</v>
			</c>
			<c r="H3" s="3">
				<v>
					42220
				</v>
			</c>
			<c r="I3" s="3">
				<v>
					42280
				</v>
			</c>
			<c r="J3" s="2" t="s">
				<v>
					26
				</v>
			</c>
			<c r="K3" s="2" t="s">
				<v>
					27
				</v>
			</c>
			<c r="L3" s="3">
				<v>
					42216
				</v>
			</c>
			<c r="M3" s="2">
				<v>
					0
				</v>
			</c>
			<c r="N3" s="2">
				<v>
					0
				</v>
			</c>
			<c r="O3" s="2">
				<v>
					0
				</v>
			</c>
			<c r="P3" s="2">
				<v>
					90
				</v>
			</c>
			<c r="Q3" s="2" t="s">
				<v>
					23
				</v>
			</c>
		</row>
	</sheetData>
	<phoneticPr fontId="3" type="noConversion">
	</phoneticPr>
	<pageMargins left="0.7" right="0.7" top="0.75" bottom="0.75"
		header="0.3" footer="0.3">
	</pageMargins>
	<pageSetup paperSize="9" orientation="portrait" r:id="rId1">
	</pageSetup>
</worksheet>
