<?xml version="1.0" encoding="UTF-8" standalone="yes"?>
<styleSheet xmlns="http://schemas.openxmlformats.org/spreadsheetml/2006/main">
	<fonts count="4">
		<font>
			<sz val="11" />
			<color theme="1" />
			<name val="宋体" />
			<family val="2" />
			<charset val="134" />
			<scheme val="minor" />
		</font>
		<font>
			<sz val="11" />
			<color theme="1" />
			<name val="宋体" />
			<family val="3" />
			<charset val="134" />
			<scheme val="minor" />
		</font>
		<font>
			<sz val="11" />
			<color rgb="FF333399" />
			<name val="宋体" />
			<family val="3" />
			<charset val="134" />
			<scheme val="minor" />
		</font>
		<font>
			<sz val="9" />
			<name val="宋体" />
			<family val="2" />
			<charset val="134" />
			<scheme val="minor" />
		</font>
	</fonts>
	<fills count="3">
		<fill>
			<patternFill patternType="none" />
		</fill>
		<fill>
			<patternFill patternType="gray125" />
		</fill>
		<fill>
			<patternFill patternType="solid">
				<fgColor rgb="FF99CCFF" />
				<bgColor indexed="64" />
			</patternFill>
		</fill>
	</fills>
	<borders count="2">
		<border>
			<left />
			<right />
			<top />
			<bottom />
			<diagonal />
		</border>
		<border>
			<left style="medium">
				<color rgb="FF969696" />
			</left>
			<right style="medium">
				<color rgb="FF969696" />
			</right>
			<top style="medium">
				<color rgb="FF969696" />
			</top>
			<bottom style="medium">
				<color rgb="FF969696" />
			</bottom>
			<diagonal />
		</border>
	</borders>
	<cellStyleXfs count="1">
		<xf numFmtId="0" fontId="0" fillId="0" borderId="0">
			<alignment vertical="center" />
		</xf>
	</cellStyleXfs>
	<cellXfs count="4">
		<xf numFmtId="0" fontId="0" fillId="0" borderId="0" xfId="0">
			<alignment vertical="center" />
		</xf>
		<xf numFmtId="0" fontId="2" fillId="2" borderId="1" xfId="0"
			applyFont="1" applyFill="1" applyBorder="1" applyAlignment="1">
			<alignment vertical="center" />
		</xf>
		<xf numFmtId="0" fontId="1" fillId="0" borderId="1" xfId="0"
			applyFont="1" applyBorder="1" applyAlignment="1">
			<alignment vertical="center" />
		</xf>
		<xf numFmtId="14" fontId="1" fillId="0" borderId="1" xfId="0"
			applyNumberFormat="1" applyFont="1" applyBorder="1" applyAlignment="1">
			<alignment vertical="center" />
		</xf>
	</cellXfs>
	<cellStyles count="1">
		<cellStyle name="常规" xfId="0" builtinId="0" />
	</cellStyles>
	<dxfs count="0" />
	<tableStyles count="0" defaultTableStyle="TableStyleMedium9"
		defaultPivotStyle="PivotStyleLight16" />
</styleSheet>