<?xml version="1.0" encoding="UTF-8" standalone="yes"?>
<workbook xmlns="http://schemas.openxmlformats.org/spreadsheetml/2006/main"
	xmlns:r="http://schemas.openxmlformats.org/officeDocument/2006/relationships">
	<fileVersion appName="xl" lastEdited="4" lowestEdited="4"
		rupBuild="4506" />
	<workbookPr defaultThemeVersion="124226" />
	<bookViews>
		<workbookView xWindow="0" yWindow="90" windowWidth="19200"
			windowHeight="11415" />
	</bookViews>
	<sheets>
		<sheet name="Sheet1" sheetId="1" r:id="rId1" />
		<sheet name="Sheet2" sheetId="2" r:id="rId2" />
		<sheet name="Sheet3" sheetId="3" r:id="rId3" />
	</sheets>
	<calcPr calcId="125725" />
</workbook>